key1,key2,val1,val2
aa,NA,59.47,4.0854719837185
aa,NA,108.96,4.6909808424012
